GRAPH,STARTING_NODE,ENDING_NODE,NODE_DISTANCE,CUM_INTENSITY
bp_plc,bp_plc,general_motors_limited,1,1.000000000000
bp_plc,bp_plc,royal_dutch_shell,1,0.868421046918
bp_plc,bp_plc,shell,1,0.775375929109
bp_plc,bp_plc,jp_morgan_chase_and_co,1,0.667763146923
bp_plc,bp_plc,tortoise_acquisition_corp,1,0.631578943213
bp_plc,bp_plc,electricite_de_france_sa,1,0.546052634565
bp_plc,bp_plc,hima_as,1,0.532894733336
bp_plc,bp_plc,alliancebernstein_lp,1,0.453947365435
bp_plc,bp_plc,exxon_mobil_corp,1,0.431743418212
bp_plc,bp_plc,sandb_bv,1,0.414473681484
bp_plc,bp_plc,hexagon_ab,1,0.384868418521
bp_plc,bp_plc,nikkiso_co_ltd,1,0.374999997533
bp_plc,bp_plc,bloomberg_inc,1,0.355263155557
bp_plc,bp_plc,kp_engineering_lp,1,0.335526313582
bp_plc,bp_plc,mitsubishi_heavy_industries_america_inc,1,0.335526313582
bp_plc,bp_plc,deloitte_sl,1,0.325657892594
bp_plc,bp_plc,chevron_corp,1,0.325657892594
bp_plc,bp_plc,sorrento_therapeutics_inc,1,0.315789471607
bp_plc,bp_plc,ge_digital_llc,1,0.315789471607
bp_plc,bp_plc,mcdermott_inc,1,0.315789471607
bp_plc,bp_plc,national_security_agency,1,0.315789471607
bp_plc,bp_plc,chicago_bridge_and_iron_co_n_v,1,0.315789471607
bp_plc,bp_plc,mitsubishi_heavy_industries_ltd,1,0.305921050619
bp_plc,bp_plc,quorum,1,0.305921050619
bp_plc,bp_plc,fmc_technologies_inc,1,0.305921050619
bp_plc,bp_plc,bulb_energy_ltd,1,0.305921050619
bp_plc,bp_plc,general_electric_company,1,0.299342109873
bp_plc,bp_plc,salomon_smith_barney/greenwich_street_capital_partners_ii__lp,1,0.296052629631
bp_plc,bp_plc,united_states_department_of_justice,1,0.296052629631
bp_plc,bp_plc,wec_energy_group_inc,1,0.296052629631
bp_plc,bp_plc,peoples_energy_llc,1,0.296052629631
bp_plc,bp_plc,mgm_resorts,1,0.296052629631
bp_plc,bp_plc,autodesk_inc,1,0.296052629631
bp_plc,bp_plc,sundyne,1,0.296052629631
bp_plc,bp_plc,salomon_smith_barney/travelers_real_estate_fund__lp,1,0.296052629631
bp_plc,bp_plc,black_and_veatch,1,0.296052629631
bp_plc,bp_plc,imperva_inc,1,0.296052629631
bp_plc,bp_plc,evercore_inc,1,0.296052629631
bp_plc,bp_plc,salomon_smith_barney/travelers_ref_gp__llc,1,0.296052629631
bp_plc,bp_plc,acer_therapeutics_inc,1,0.296052629631
bp_plc,bp_plc,harvard_business_school,1,0.296052629631
bp_plc,bp_plc,columbia_property_trust_inc,1,0.296052629631
bp_plc,bp_plc,coal_india_ltd,1,0.284774425758
bp_plc,bp_plc,highwoods_properties_inc,1,0.276315787656
bp_plc,bp_plc,basf_se,1,0.276315787656
bp_plc,bp_plc,trucks_inc,1,0.266447366668
bp_plc,bp_plc,fidelity_investments_inc,1,0.266447366668
bp_plc,bp_plc,swift_transportation_co_llc,1,0.266447366668
bp_plc,bp_plc,hindenburg_research_llc,1,0.266447366668
bp_plc,bp_plc,european_investment_bank,1,0.256578945680
bp_plc,bp_plc,deloitte_llp,1,0.252631577285
bp_plc,bp_plc,general_electric_canada_holdings,1,0.250000004934
bp_plc,bp_plc,arconic_inc,1,0.236842103705
bp_plc,bp_plc,peoples_energy_corp,1,0.236842103705
bp_plc,bp_plc,tesla_inc,1,0.223684202476
bp_plc,bp_plc,united_states_department_of_state,1,0.223684202476
bp_plc,bp_plc,baker_hughes_a_ge_co,1,0.217105261730
bp_plc,bp_plc,totalenergies_se,1,0.207236840742
bp_plc,bangladesh_bank,federal_reserve_system,3,0.001632666967
bp_plc,ford_motor_company,tesla_inc,3,0.001627784448
bp_plc,pfizer_luxco_holdings_sarl,modernatx_inc,3,0.001501955745
bp_plc,house_srl,united_states_senate,3,0.001498105892
bp_plc,pfizer_luxco_holdings_sarl,food_and_drug_administration,3,0.001492551873
bp_plc,house_srl,united_states_congress,3,0.001483639345
bp_plc,boeing_company,federal_aviation_administration,3,0.001466841228
bp_plc,tesla_inc,boeing_company,3,0.001453998157
bp_plc,huawei_technologies_company_ltd,semiconductor_manufacturing_international,3,0.001452198914
bp_plc,tesla_inc,united_states_department_of_transportation,3,0.001446802444
bp_plc,taiwan_semiconductor_manufacturing,huawei_technologies_company_ltd,3,0.001405722611
bp_plc,taiwan_semiconductor_manufacturing,huawei_investment_and_holding_co_ltd,3,0.001405722611
bp_plc,tesla_inc,volkswagen_ag,3,0.001389115730
bp_plc,huawei_technologies_company_ltd,taiwan_semiconductor_manufacturing,3,0.001383280021
bp_plc,ford_motor_company,general_motors_limited,3,0.001355557801
bp_plc,tesla_inc,bloomberg_inc,3,0.001341634056
bp_plc,pfizer_luxco_holdings_sarl,astrazeneca_plc,3,0.001338440075
bp_plc,tesla_inc,united_states_air_force,3,0.001328856593
bp_plc,huawei_technologies_company_ltd,huawei_investment_and_holding_co_ltd,3,0.001326414354
bp_plc,boeing_company,federal_aviation_administration,3,0.001318961486
bp_plc,tesla_inc,microsoft_corp,3,0.001311777378
bp_plc,tesla_inc,airbus_group_se,3,0.001297404362
bp_plc,tesla_inc,airbus,3,0.001246294497
bp_plc,bank_of_america_corp,wells_fargo_and_company,3,0.001204801030
bp_plc,goldman_sachs_group_inc,willis_towers_watson_plc,3,0.001179214036
bp_plc,pfizer_luxco_holdings_sarl,boeing_company,3,0.001156092541
bp_plc,jp_morgan_chase_and_co,wells_fargo_and_company,3,0.001155605557
bp_plc,huawei_technologies_company_ltd,qualcomm_inc/de,3,0.001135331933
bp_plc,huawei_technologies_company_ltd,huawei_investment_and_holding_co_ltd,3,0.001134683633
bp_plc,tesla_inc,volkswagen_ag,3,0.001123152714
bp_plc,tesla_inc,boeing_company,3,0.004464802364
bp_plc,house_srl,united_states_senate,3,0.004162057295
bp_plc,boeing_company,federal_aviation_administration,3,0.004009107297
bp_plc,tesla_inc,ford_motor_company,3,0.003990501292
bp_plc,house_srl,united_states_congress,3,0.003790714934
bp_plc,tesla_inc,boeing_company,3,0.003609961925
bp_plc,house_srl,united_states_senate,3,0.003602009671
bp_plc,tesla_inc,general_motors_limited,3,0.003318996251
bp_plc,huawei_technologies_company_ltd,huawei_investment_and_holding_co_ltd,3,0.003094141669
bp_plc,tesla_inc,ford_motor_company,3,0.003019170152
bp_plc,pfizer_luxco_holdings_sarl,food_and_drug_administration,3,0.002653914463
bp_plc,tesla_inc,general_motors_limited,3,0.002511116695
bp_plc,house_srl,united_states_senate,3,0.002453904861
bp_plc,tesla_inc,ford_motor_company,3,0.002441113492
bp_plc,house_srl,united_states_congress,3,0.002397708425
bp_plc,house_srl,united_states_senate,3,0.002232031123
bp_plc,boeing_company,airbus_group_se,3,0.002124468068
bp_plc,boeing_company,federal_aviation_administration,3,0.002066293480
bp_plc,tesla_inc,general_motors_limited,3,0.002030333017
bp_plc,boeing_company,airbus,3,0.001982836864
bp_plc,house_srl,united_states_senate,3,0.001929201026
bp_plc,huawei_technologies_company_ltd,semiconductor_manufacturing_international,3,0.001870920030
bp_plc,tesla_inc,volkswagen_ag,3,0.001836023753
bp_plc,huawei_technologies_company_ltd,taiwan_semiconductor_manufacturing,3,0.001782129344
bp_plc,pfizer_luxco_holdings_sarl,food_and_drug_administration,3,0.001780667965
bp_plc,tesla_inc,microsoft_corp,3,0.001733804011
bp_plc,pfizer_luxco_holdings_sarl,food_and_drug_administration,3,0.001714713648
bp_plc,house_srl,united_states_congress,3,0.001714318540
bp_plc,boeing_company,united_states_air_force,3,0.001683050814
bp_plc,boeing_company,federal_aviation_administration,3,0.001663712560
bp_plc,house_srl,boeing_company,3,0.001662097923
bp_plc,tesla_inc,airbus,3,0.000942932948
bp_plc,house_srl,united_states_congress,3,0.000919355997
bp_plc,huawei_technologies_company_ltd,hsbc_holdings_plc,3,0.000903510230
bp_plc,pfizer_luxco_holdings_sarl,astrazeneca_plc,3,0.000898038500
bp_plc,tesla_inc,boeing_company,3,0.000890650059
bp_plc,semiconductor_manufacturing_international,huawei_investment_and_holding_co_ltd,3,0.000890290112
bp_plc,semiconductor_manufacturing_international,huawei_technologies_company_ltd,3,0.000890290112
bp_plc,tesla_inc,united_states_department_of_transportation,3,0.000885053959
bp_plc,boeing_company,airbus_group_se,3,0.000881618761
bp_plc,huawei_technologies_company_ltd,qualcomm_inc/de,3,0.000881239055
bp_plc,boeing_company,united_inc,3,0.000878113468
bp_plc,taiwan_semiconductor_manufacturing,semiconductor_manufacturing_international,3,0.000875200088
bp_plc,huawei_technologies_company_ltd,huawei_investment_and_holding_co_ltd,3,0.000875082200
bp_plc,boeing_company,united_states_air_force,3,0.000867444213
bp_plc,pfizer_luxco_holdings_sarl,astrazeneca_plc,3,0.000864775973
bp_plc,boeing_company,international_air_transport_association,3,0.000863950348
bp_plc,tesla_inc,boeing_company,3,0.000862864736
bp_plc,huawei_technologies_company_ltd,intel_corp,3,0.000854471023
bp_plc,boeing_company,federal_aviation_administration,3,0.000850934119
bp_plc,pfizer_luxco_holdings_sarl,modernatx_inc,3,0.000844694466
bp_plc,tesla_inc,navy_group_srl,3,0.000843285457
bp_plc,tesla_inc,nvidia_corp,3,0.000841347067
bp_plc,huawei_technologies_company_ltd,semiconductor_manufacturing_international,3,0.000838937926
bp_plc,tesla_inc,federal_reserve_system,3,0.000837038898
bp_plc,pfizer_luxco_holdings_sarl,food_and_drug_administration,3,0.000831346684
bp_plc,boeing_company,airbus,3,0.000822844177
bp_plc,tesla_inc,bloomberg_inc,3,0.000820719192
bp_plc,tesla_inc,general_motors_limited,3,0.000817764986
bp_plc,tesla_inc,united_states_air_force,3,0.000812902821
bp_plc,boeing_company,general_electric_canada_holdings,3,0.000808871549
royal_dutch_shell,royal_dutch_shell,european_investment_bank,1,0.054054054054
royal_dutch_shell,royal_dutch_shell,anglo_american_plc,1,0.054054054054
royal_dutch_shell,royal_dutch_shell,federal_reserve_system,1,0.054054054054
royal_dutch_shell,royal_dutch_shell,mhbc_investments_limited_partnership_i_lllp,1,0.054054054054
royal_dutch_shell,royal_dutch_shell,ms_srl,1,0.054054054054
royal_dutch_shell,royal_dutch_shell,cnooc_ltd,1,0.054054054054
royal_dutch_shell,royal_dutch_shell,coca-cola_european_partners_plc,1,0.054054054054
royal_dutch_shell,design_works,vr_srl,2,0.050615411631
royal_dutch_shell,royal_dutch_shell,philip_morris_international_inc,1,0.048648648649
royal_dutch_shell,royal_dutch_shell,mercali_sociedad_anonima,1,0.048648648649
royal_dutch_shell,royal_dutch_shell,jp_morgan_chase_and_co,1,0.048648648649
royal_dutch_shell,royal_dutch_shell,wsp_gmbh,1,0.048648648649
royal_dutch_shell,royal_dutch_shell,novo_nordisk_inc,1,0.048648648649
royal_dutch_shell,royal_dutch_shell,total_marketing_services_sa,1,0.048648648649
royal_dutch_shell,royal_dutch_shell,rolls-royce_corporation,1,0.046846843243
royal_dutch_shell,royal_dutch_shell,shell_oil_company,1,0.043243243243
royal_dutch_shell,royal_dutch_shell,indian_oil_corp_ltd,1,0.043243243243
royal_dutch_shell,royal_dutch_shell,kosmos_energy_ltd,1,0.043243243243
royal_dutch_shell,royal_dutch_shell,deloitte_sl,1,0.043243243243
royal_dutch_shell,royal_dutch_shell,ibstock_brick_limited,1,0.043243243243
royal_dutch_shell,royal_dutch_shell,british_american_tobacco_plc,1,0.043243243243
royal_dutch_shell,design_works,european_commission,2,0.038160310340
bp_plc,tesla_inc,united_inc,3,0.000807929080
bp_plc,house_srl,united_states_senate,3,0.000804521384
royal_dutch_shell,royal_dutch_shell,shell,1,1.000000000000
royal_dutch_shell,royal_dutch_shell,design_works,1,0.897297297297
royal_dutch_shell,design_works,linkedin_corp,2,0.352894536680
royal_dutch_shell,royal_dutch_shell,world_economic_forum_llc,1,0.291891891892
royal_dutch_shell,design_works,hubspot_inc,2,0.283552305997
royal_dutch_shell,royal_dutch_shell,chevron_corp,1,0.264864864865
royal_dutch_shell,royal_dutch_shell,exxon_mobil_corp,1,0.212612616216
royal_dutch_shell,royal_dutch_shell,rio_tinto_plc,1,0.210810810811
royal_dutch_shell,royal_dutch_shell,bp_plc,1,0.205405405405
royal_dutch_shell,royal_dutch_shell,unilever_plc,1,0.169369372973
royal_dutch_shell,royal_dutch_shell,ovo_energy_ltd,1,0.151351351351
royal_dutch_shell,royal_dutch_shell,coal_india_ltd,1,0.147747751351
royal_dutch_shell,royal_dutch_shell,bloomberg_inc,1,0.145945945946
royal_dutch_shell,royal_dutch_shell,google,1,0.145945945946
royal_dutch_shell,royal_dutch_shell,tesla_inc,1,0.145945945946
royal_dutch_shell,royal_dutch_shell,bnp_paribas,1,0.140540540541
royal_dutch_shell,royal_dutch_shell,international_airlines_group,1,0.129729729730
royal_dutch_shell,royal_dutch_shell,petroleum_development_oman_llc,1,0.129729729730
royal_dutch_shell,royal_dutch_shell,london_school_of_economics_and_political_science,1,0.129729729730
royal_dutch_shell,royal_dutch_shell,national_farmers_union,1,0.124324324324
royal_dutch_shell,royal_dutch_shell,british_airways_plc,1,0.118918918919
royal_dutch_shell,shell,boeing_company,2,0.116509155346
royal_dutch_shell,royal_dutch_shell,microsoft_corp,1,0.108108108108
royal_dutch_shell,royal_dutch_shell,petróleos_mexicanos,1,0.108108108108
royal_dutch_shell,royal_dutch_shell,direct_line_group_limited,1,0.102702702703
royal_dutch_shell,royal_dutch_shell,direct_line_insurance_group_plc,1,0.102702702703
royal_dutch_shell,royal_dutch_shell,bg_group_plc,1,0.097297297297
royal_dutch_shell,royal_dutch_shell,national_grid_north_america_inc,1,0.097297297297
royal_dutch_shell,royal_dutch_shell,national_grid_usa,1,0.097297297297
royal_dutch_shell,royal_dutch_shell,national_grid_transco_plc,1,0.097297297297
royal_dutch_shell,royal_dutch_shell,barclays_plc,1,0.091891891892
royal_dutch_shell,design_works,dnt,2,0.088113216584
royal_dutch_shell,royal_dutch_shell,centrica_plc_ord_new,1,0.086486486486
royal_dutch_shell,royal_dutch_shell,international_energy_corporation,1,0.082882886486
royal_dutch_shell,royal_dutch_shell,heathrow_airport_limited,1,0.081081081081
royal_dutch_shell,royal_dutch_shell,lloyds_banking_group_plc,1,0.081081081081
royal_dutch_shell,royal_dutch_shell,general_motors_limited,1,0.081081081081
royal_dutch_shell,royal_dutch_shell,boeing_company,1,0.075675675676
royal_dutch_shell,royal_dutch_shell,oxford_city_council,1,0.075675675676
royal_dutch_shell,royal_dutch_shell,cp_lotus_corp,1,0.075675675676
royal_dutch_shell,royal_dutch_shell,am_best_company_inc,1,0.075675675676
royal_dutch_shell,royal_dutch_shell,crescent_point_energy_corp,1,0.064864864865
royal_dutch_shell,royal_dutch_shell,morgan_stanley_and_co_llc,1,0.064864864865
royal_dutch_shell,royal_dutch_shell,united_states_department_of_agriculture,1,0.064864864865
royal_dutch_shell,royal_dutch_shell,third_point_llc,1,0.064864864865
royal_dutch_shell,royal_dutch_shell,morgan_stanley_investments_(uk),1,0.064864864865
royal_dutch_shell,royal_dutch_shell,morgan_stanley_domestic_holdings_inc,1,0.064864864865
royal_dutch_shell,royal_dutch_shell,morgan_stanley_international_holdings_inc,1,0.064864864865
royal_dutch_shell,royal_dutch_shell,the_boston_consulting_group_inc,1,0.064864864865
royal_dutch_shell,royal_dutch_shell,hsbc_holdings_plc,1,0.064864864865
royal_dutch_shell,royal_dutch_shell,bt_pension_scheme,1,0.064864864865
royal_dutch_shell,royal_dutch_shell,gsl,1,0.064864864865
royal_dutch_shell,royal_dutch_shell,rolls_royce_grp,1,0.061261264865
royal_dutch_shell,shell,royal_dutch_shell,2,0.058830478441
royal_dutch_shell,royal_dutch_shell,intercontinental_hotels_group_plc,1,0.054054054054
royal_dutch_shell,royal_dutch_shell,natural_gas_systems_inc,1,0.054054054054
royal_dutch_shell,royal_dutch_shell,uber_technologies_inc,1,0.054054054054
royal_dutch_shell,royal_dutch_shell,murphy_oil_corp,1,0.054054054054
royal_dutch_shell,royal_dutch_shell,cheniere_energy_inc,1,0.054054054054
royal_dutch_shell,royal_dutch_shell,mtn_group_ltd,1,0.054054054054
royal_dutch_shell,royal_dutch_shell,axa_sa,1,0.054054054054
royal_dutch_shell,royal_dutch_shell,delta_air_lines_inc,1,0.054054054054
royal_dutch_shell,royal_dutch_shell,kalpataru_power_transmission_ltd,1,0.054054054054
royal_dutch_shell,royal_dutch_shell,bank_of_england_[ar],1,0.054054054054
royal_dutch_shell,royal_dutch_shell,titan_group_limited,1,0.054054054054
royal_dutch_shell,royal_dutch_shell,deutsche_telekom_ag,1,0.054054054054
bp_plc,bp_plc,cng_energy_co,1,0.197368419754
bp_plc,bp_plc,department_for_business_energy_and_industrial_strategy,1,0.197368419754
bp_plc,bp_plc,metropolitan_transportation_authority,1,0.197368419754
bp_plc,bp_plc,us_securities_and_exchange_commission,1,0.197368419754
bp_plc,bp_plc,motion_industries_inc,1,0.197368419754
bp_plc,bp_plc,genuine_parts_company,1,0.197368419754
bp_plc,bp_plc,airbus,1,0.187499998766
bp_plc,bp_plc,deutsche_bank_spa,1,0.184210518525
bp_plc,bp_plc,apac_srl,1,0.184210518525
bp_plc,bp_plc,morgan_stanley_international_holdings_inc,1,0.177631577779
bp_plc,bp_plc,petróleos_mexicanos,1,0.177631577779
bp_plc,bp_plc,sempra_energy,1,0.172697367285
bp_plc,bp_plc,american_petroleum_institute,1,0.171052637033
bp_plc,bp_plc,mhi_compressor_international_corp,1,0.167763156791
bp_plc,bp_plc,neste_oyj,1,0.167763156791
bp_plc,bp_plc,bcck_holding_co,1,0.167763156791
bp_plc,bp_plc,lummus_technology_llc,1,0.167763156791
bp_plc,bp_plc,daimler_truck_ag,1,0.167763156791
bp_plc,bp_plc,federal_bureau_of_investigation,1,0.164473676550
bp_plc,bp_plc,daimler_ag,1,0.164473676550
bp_plc,bp_plc,british_broadcasting_corporation,1,0.162828946297
bp_plc,bp_plc,schneider_electric_se,1,0.157894735803
bp_plc,bp_plc,mckinsey_and_co,1,0.157894735803
bp_plc,bp_plc,technip,1,0.157894735803
bp_plc,bp_plc,regis_university,1,0.157894735803
bp_plc,bp_plc,the_boston_consulting_group_inc,1,0.157894735803
bp_plc,bp_plc,harley_davidson_inc,1,0.157894735803
bp_plc,bp_plc,scottish_power_limited,1,0.157894735803
bp_plc,bp_plc,ovo_energy_ltd,1,0.157894735803
royal_dutch_shell,huawei_technologies_company_ltd,huawei_investment_and_holding_co_ltd,3,0.003190786038
royal_dutch_shell,tesla_inc,ford_motor_company,3,0.002831520445
royal_dutch_shell,huawei_technologies_company_ltd,huawei_investment_and_holding_co_ltd,3,0.002762453739
royal_dutch_shell,linkedin_corp,wells_fargo_clearing_services_llc,3,0.002542043485
royal_dutch_shell,boeing_company,united_states_department_of_transportation,3,0.002359147917
royal_dutch_shell,tesla_inc,general_motors_limited,3,0.002355043903
royal_dutch_shell,linkedin_corp,dnt,3,0.002325039773
royal_dutch_shell,linkedin_corp,nxp_usa_inc,3,0.002232038182
royal_dutch_shell,linkedin_corp,boeing_company,3,0.002149370121
royal_dutch_shell,linkedin_corp,goldman_sachs_group_inc,3,0.002046035000
royal_dutch_shell,linkedin_corp,denso_corporation,3,0.001984033939
royal_dutch_shell,tesla_inc,boeing_company,3,0.001972436112
royal_dutch_shell,huawei_technologies_company_ltd,huawei_investment_and_holding_co_ltd,3,0.001917380230
royal_dutch_shell,boeing_company,united_inc,3,0.001903694197
royal_dutch_shell,linkedin_corp,hsbc_holdings_plc,3,0.001880698818
royal_dutch_shell,boeing_company,international_air_transport_association,3,0.001872989452
royal_dutch_shell,airbus,airbus_group_se,3,0.001852616912
royal_dutch_shell,linkedin_corp,australia_and_new_zealand_bank,3,0.001767030227
royal_dutch_shell,boeing_company,general_electric_canada_holdings,3,0.001753582117
royal_dutch_shell,linkedin_corp,tesla_inc,3,0.001736029697
royal_dutch_shell,boeing_company,american_airlines_group_inc,3,0.001714348269
royal_dutch_shell,boeing_company,federal_aviation_administration,3,0.001649529533
royal_dutch_shell,boeing_company,general_electric_company,3,0.001633492440
royal_dutch_shell,boeing_company,united_states_senate,3,0.001623939846
royal_dutch_shell,linkedin_corp,design_works,3,0.001612027576
royal_dutch_shell,boeing_company,federal_aviation_administration,3,0.001608787536
royal_dutch_shell,international_air_transport_association,boeing_company,3,0.001604767224
royal_dutch_shell,european_commission,design_works,3,0.001580026029
royal_dutch_shell,linkedin_corp,dropbox_inc,3,0.001488025454
royal_dutch_shell,linkedin_corp,netflix_inc,3,0.001467358455
royal_dutch_shell,linkedin_corp,nike_inc,3,0.001426024394
bp_plc,bp_plc,gilbane_building_company,1,0.148026314816
bp_plc,bp_plc,southern_california_gas_co,1,0.148026314816
bp_plc,bp_plc,particle_measuring_systems_inc,1,0.148026314816
bp_plc,bp_plc,tulane_university,1,0.148026314816
bp_plc,bp_plc,ge_capital_corporation_(leasing)_limited,1,0.148026314816
bp_plc,bp_plc,rosneft,1,0.148026314816
bp_plc,bp_plc,dresser-rand_india_private_limited,1,0.148026314816
bp_plc,bp_plc,rochester_institute_of_technology,1,0.148026314816
bp_plc,bp_plc,marine_corps_university,1,0.148026314816
bp_plc,bp_plc,arkansas_state_university,1,0.148026314816
bp_plc,bp_plc,itm_power,1,0.148026314816
bp_plc,bp_plc,glv_capital_spa,1,0.148026314816
bp_plc,bp_plc,petro-chem_development_co_inc,1,0.148026314816
bp_plc,bp_plc,university_of_milan,1,0.148026314816
bp_plc,bp_plc,united_states_air_force,1,0.148026314816
bp_plc,bp_plc,babson_college,1,0.148026314816
bp_plc,bp_plc,american_university,1,0.148026314816
bp_plc,bp_plc,business_insider,1,0.148026314816
bp_plc,bp_plc,university_of_utah,1,0.148026314816
bp_plc,bp_plc,marketing_services_inc,1,0.148026314816
bp_plc,bp_plc,marshall_university,1,0.148026314816
bp_plc,bp_plc,burns_and_mcdonnell_inc,1,0.148026314816
bp_plc,bp_plc,oral_roberts_university,1,0.148026314816
bp_plc,bp_plc,just_energy_(ireland)_limited,1,0.148026314816
bp_plc,bp_plc,university_of_tennessee,1,0.148026314816
bp_plc,bp_plc,westinghouse,1,0.148026314816
bp_plc,bp_plc,model_n_inc,1,0.148026314816
bp_plc,bp_plc,borgwarner_inc,1,0.148026314816
bp_plc,bp_plc,international_paper_sa,1,0.148026314816
bp_plc,bp_plc,burckhardt_compression_holding_ag,1,0.148026314816
bp_plc,bp_plc,london_business_school,1,0.148026314816
bp_plc,bp_plc,san_diego_gas_and_electric_co,1,0.157894735803
bp_plc,bp_plc,general_assembly_llc,1,0.157894735803
bp_plc,bp_plc,utility_point_limited,1,0.157894735803
bp_plc,bp_plc,koninklijke_bunge_bv,1,0.157894735803
bp_plc,bp_plc,depuy_synthes_inc,1,0.157894735803
bp_plc,bp_plc,applied_optoelectronics_inc,1,0.157894735803
bp_plc,bp_plc,auma_actuators_inc,1,0.151315795057
bp_plc,bp_plc,halliburton_company,1,0.151315795057
bp_plc,bp_plc,rf_valves_inc,1,0.151315795057
bp_plc,bp_plc,university_of_south_carolina,1,0.148026314816
bp_plc,bp_plc,university_of_wisconsin-madison,1,0.148026314816
bp_plc,bp_plc,university_of_texas_at_austin,1,0.148026314816
bp_plc,bp_plc,bechtel_corporation,1,0.148026314816
bp_plc,bp_plc,empire_petroleum_partners_llc,1,0.148026314816
bp_plc,bp_plc,koch_industries_inc,1,0.148026314816
bp_plc,bp_plc,indorama_ventures_(oxide_and_glycols)_llc,1,0.148026314816
bp_plc,bp_plc,tufts_university,1,0.148026314816
bp_plc,bp_plc,the_ohio_state_university,1,0.148026314816
bp_plc,bp_plc,bray_international_inc,1,0.148026314816
bp_plc,bp_plc,weatherford_international_plc,1,0.148026314816
bp_plc,bp_plc,american_society_of_mechanical_engineers,1,0.148026314816
bp_plc,bp_plc,national_petroleum_council,1,0.148026314816
bp_plc,bp_plc,opportune_llp,1,0.148026314816
bp_plc,bp_plc,columbia_energy_services_corp,1,0.148026314816
bp_plc,tesla_inc,navy_group_srl,3,0.001114588293
bp_plc,tesla_inc,federal_reserve_system,3,0.001106332083
bp_plc,boeing_company,airbus_group_se,3,0.001094950619
bp_plc,tesla_inc,united_states_department_of_transportation,3,0.001094635094
bp_plc,house_srl,united_states_capitol_police,3,0.001094399760
bp_plc,boeing_company,united_states_department_of_transportation,3,0.001088199755
bp_plc,house_srl,boeing_company,3,0.001083579126
bp_plc,wells_fargo_and_company,bank_of_america_corp,3,0.001071204501
bp_plc,goldman_sachs_group_inc,willis_towers_watson_plc,3,0.001064113593
bp_plc,tesla_inc,microsoft_corp,3,0.001060621725
bp_plc,tesla_inc,international_air_transport_association,3,0.001055615368
bp_plc,house_srl,the_associated_press,3,0.001028388347
bp_plc,tesla_inc,goldman_sachs_group_inc,3,0.001026128905
bp_plc,tesla_inc,uber_technologies_inc,3,0.001026128905
bp_plc,tesla_inc,jp_morgan_chase_and_co,3,0.001026128905
bp_plc,house_srl,house_of_representatives,3,0.001024219205
bp_plc,boeing_company,airbus,3,0.001021953911
bp_plc,tesla_inc,bloomberg_inc,3,0.001015065828
bp_plc,house_srl,united_states_congress,3,0.001010744038
bp_plc,pfizer_luxco_holdings_sarl,modernatx_inc,3,0.001007750821
bp_plc,tesla_inc,united_states_air_force,3,0.001005398537
bp_plc,house_srl,federal_bureau_of_investigation,3,0.000986696928
bp_plc,tesla_inc,federal_aviation_administration,3,0.000983668398
bp_plc,tesla_inc,ford_motor_company,3,0.000983216608
bp_plc,tesla_inc,airbus_group_se,3,0.000981602119
bp_plc,fiat_chrysler_automobiles_nv,general_motors_limited,3,0.000979391200
bp_plc,tesla_inc,bmw,3,0.000976001918
bp_plc,house_srl,abc_news,3,0.000974189502
bp_plc,pfizer_luxco_holdings_sarl,modernatx_inc,3,0.000970424650
bp_plc,tesla_inc,bmw_ag_st,3,0.000943566809
royal_dutch_shell,shell,airbus,2,0.031453041937
royal_dutch_shell,shell,airbus_group_se,2,0.031453041937
royal_dutch_shell,shell,united_states_air_force,2,0.029090372120
royal_dutch_shell,design_works,icu,2,0.025970211204
royal_dutch_shell,shell,federal_aviation_administration,2,0.024709588600
royal_dutch_shell,design_works,food_and_drug_administration,2,0.023320189652
royal_dutch_shell,shell,united_states_department_of_transportation,2,0.022839141465
royal_dutch_shell,design_works,united_states_environmental_protection_agency,2,0.021641842758
royal_dutch_shell,tesla_inc,boeing_company,2,0.021565747659
royal_dutch_shell,linkedin_corp,hubspot_inc,3,0.021142361665
royal_dutch_shell,design_works,united_nations,2,0.020846836293
royal_dutch_shell,shell,international_air_transport_association,2,0.020525694034
royal_dutch_shell,design_works,viking_line_abp,2,0.018550150860
royal_dutch_shell,design_works,broadcom_ltd,2,0.016960137929
royal_dutch_shell,design_works,aegon_nv,2,0.016032630386
royal_dutch_shell,british_airways_plc,boeing_company,2,0.015979949235
royal_dutch_shell,linkedin_corp,wells_fargo_and_company,3,0.014074240756
royal_dutch_shell,boeing_company,federal_aviation_administration,3,0.008691489851
royal_dutch_shell,linkedin_corp,pbf_holding_co_llc,3,0.007812133636
royal_dutch_shell,linkedin_corp,national_australia_bank_ltd,3,0.005890100757
royal_dutch_shell,linkedin_corp,urban_redevelopment_authority,3,0.005642096515
royal_dutch_shell,linkedin_corp,pbf_energy_co_llc,3,0.005518094394
royal_dutch_shell,huawei_technologies_company_ltd,huawei_investment_and_holding_co_ltd,3,0.004896185204
royal_dutch_shell,boeing_company,airbus_group_se,3,0.004605711768
royal_dutch_shell,linkedin_corp,microsoft_corp,3,0.004557077954
royal_dutch_shell,boeing_company,airbus,3,0.004298664316
royal_dutch_shell,tesla_inc,boeing_company,3,0.004187302649
royal_dutch_shell,airbus,boeing_company,3,0.003741153317
royal_dutch_shell,boeing_company,united_states_air_force,3,0.003648747211
royal_dutch_shell,huawei_technologies_company_ltd,huawei_investment_and_holding_co_ltd,3,0.003442720570
bp_plc,bp_plc,citgo,1,0.148026314816
bp_plc,bp_plc,lee_university,1,0.148026314816
bp_plc,bp_plc,sinclair_oil_corporation,1,0.148026314816
bp_plc,bp_plc,westinghouse_electric_corporation,1,0.148026314816
bp_plc,bp_plc,american_family_insurance,1,0.148026314816
bp_plc,bp_plc,audubon_engineering_co_llc,1,0.148026314816
bp_plc,bp_plc,hoerbiger_holding_ag,1,0.148026314816
bp_plc,bp_plc,kellogg_school_of_management,1,0.148026314816
bp_plc,bp_plc,university_of_virginia,1,0.148026314816
bp_plc,bp_plc,monitchem_holdco_2_sa,1,0.148026314816
bp_plc,bp_plc,wincor_nixdorf_international_gmbh,1,0.148026314816
bp_plc,bp_plc,university_of_tulsa,1,0.148026314816
bp_plc,bp_plc,sasol_ltd,1,0.148026314816
bp_plc,bp_plc,american_gas_association,1,0.148026314816
bp_plc,bp_plc,oklahoma_state_university,1,0.148026314816
bp_plc,bp_plc,s_and_b_engineers_and_constructors__ltd,1,0.148026314816
bp_plc,bp_plc,ksb_se_and_co_kgaa,1,0.148026314816
bp_plc,bp_plc,vat_group_ag,1,0.148026314816
bp_plc,bp_plc,maire_tecnimont_spa,1,0.148026314816
bp_plc,bp_plc,chicago_state_university,1,0.148026314816
bp_plc,shell,boeing_company,2,0.053741960563
bp_plc,general_motors_limited,tesla_inc,2,0.050791216937
bp_plc,jp_morgan_chase_and_co,wells_fargo_and_company,2,0.044503855611
bp_plc,general_electric_company,general_electric_canada_holdings,2,0.038935817966
bp_plc,general_electric_company,boeing_company,2,0.027698600835
bp_plc,general_motors_limited,ford_motor_company,2,0.027594764352
bp_plc,shell,royal_dutch_shell,2,0.027136624953
bp_plc,general_motors_limited,fiat_chrysler_automobiles_nv,2,0.024289541881
bp_plc,jp_morgan_chase_and_co,goldman_sachs_group_inc,2,0.023386033071
bp_plc,airbus,boeing_company,2,0.022302015929
bp_plc,jp_morgan_chase_and_co,morgan_stanley,2,0.021000501305
bp_plc,tesla_inc,boeing_company,2,0.019662961754
bp_plc,jp_morgan_chase_and_co,bank_of_america_corp,2,0.019592646469
bp_plc,morgan_stanley_international_holdings_inc,morgan_stanley,2,0.019162083499
bp_plc,house_srl,united_states_senate,3,0.014116714620
bp_plc,house_srl,united_states_senate,3,0.009203174544
bp_plc,huawei_technologies_company_ltd,huawei_investment_and_holding_co_ltd,3,0.006900262162
bp_plc,tesla_inc,boeing_company,3,0.005901224081
bp_plc,house_srl,united_states_senate,3,0.005821205109
bp_plc,house_srl,united_states_congress,3,0.005814563298
bp_plc,huawei_technologies_company_ltd,huawei_investment_and_holding_co_ltd,3,0.005355949508
bp_plc,bp_plc,alstom_grid_holding_bv,1,0.148026314816
bp_plc,bp_plc,sigma_group_limited,1,0.148026314816
bp_plc,bp_plc,acd_llc,1,0.148026314816
bp_plc,bp_plc,ubs_investment_bank_llc,1,0.148026314816
bp_plc,bp_plc,the_university_of_chicago_booth_school_of_business,1,0.148026314816
bp_plc,bp_plc,zetec_inc,1,0.148026314816
bp_plc,bp_plc,monitchem_holdco_3_sa,1,0.148026314816
bp_plc,bp_plc,sprint_industrial_holdings_llc,1,0.148026314816
bp_plc,bp_plc,synthesis_energy_systems_inc,1,0.148026314816
bp_plc,bp_plc,quanta_services_inc,1,0.148026314816
bp_plc,bp_plc,ge_grid_solutions_pte_ltd,1,0.148026314816
bp_plc,bp_plc,anup_engineering_ltd,1,0.148026314816
bp_plc,bp_plc,eandp_co_llc,1,0.148026314816
bp_plc,bp_plc,linc_energy_ltd,1,0.148026314816
bp_plc,bp_plc,east_carolina_university,1,0.148026314816
bp_plc,bp_plc,asea_brown_boveri_sa,1,0.148026314816
bp_plc,bp_plc,the_pennsylvania_state_university,1,0.148026314816
bp_plc,bp_plc,ametek_inc,1,0.148026314816
bp_plc,bp_plc,groupe_seb,1,0.148026314816
bp_plc,bp_plc,greatpoint_energy_inc,1,0.148026314816
bp_plc,bp_plc,rps_group_plc,1,0.148026314816
bp_plc,bp_plc,symrise_ltd,1,0.148026314816
bp_plc,bp_plc,howard_university,1,0.148026314816
bp_plc,bp_plc,velan_valve_corp,1,0.148026314816
bp_plc,bp_plc,nordic_capital_corp,1,0.148026314816
bp_plc,bp_plc,bridgestreet_worldwide_inc,1,0.148026314816
bp_plc,bp_plc,brace_industrial_group_lp,1,0.148026314816