GRAPH,NODE_DISTANCE,STARTING_NODE,ENDING_NODE,INTENSITY
Verizon Communications Inc,1,Verizon Communications Inc,Alphabet Inc,240.500000
Verizon Communications Inc,1,Verizon Communications Inc,Apple Inc,169.000000
Verizon Communications Inc,1,Verizon Communications Inc,T-Mobile Us,165.000000
Verizon Communications Inc,1,Verizon Communications Inc,Facebook Inc,151.333333
Verizon Communications Inc,1,Verizon Communications Inc,Deutsche Telekom Ag,148.666667
Verizon Communications Inc,1,Verizon Communications Inc,Atandt Inc,131.666667
Verizon Communications Inc,3,Zacks Investment Research,Securities And Exchange Commission,100.000000
Verizon Communications Inc,2,House Srl,United States Senate,100.000000
Verizon Communications Inc,1,Verizon Communications Inc,Amazon Com Inc,90.666667
Verizon Communications Inc,1,Verizon Communications Inc,The Walt Disney Co,76.000000
Verizon Communications Inc,2,Huawei Technologies Company Ltd,Apple Inc,73.252609
Verizon Communications Inc,2,Intel Corp,Apple Inc,72.681630
Verizon Communications Inc,1,Verizon Communications Inc,United States Air Force,72.666667
Verizon Communications Inc,1,Verizon Communications Inc,Federal Aviation Administration,70.500000
Verizon Communications Inc,2,Advanced Micro Devices Inc,Apple Inc,66.706045
Verizon Communications Inc,1,Verizon Communications Inc,Microsoft Corp,65.000000
Verizon Communications Inc,2,Qualcomm Inc/De,Apple Inc,63.683796
Verizon Communications Inc,2,Apple Inc,Alphabet Inc,62.513290
Verizon Communications Inc,1,Verizon Communications Inc,Sprint Corp,60.333333
Verizon Communications Inc,3,House Srl,United States Senate,59.489612
Verizon Communications Inc,1,Verizon Communications Inc,Securities And Exchange Commission,58.800000
Verizon Communications Inc,2,Nvidia Corp,Apple Inc,53.268360
Verizon Communications Inc,1,Verizon Communications Inc,Altaba Inc,53.000000
Verizon Communications Inc,2,Amazon Com Inc,Alphabet Inc,52.490648
Verizon Communications Inc,2,Facebook Inc,Alphabet Inc,51.665682
Verizon Communications Inc,1,Verizon Communications Inc,Netflix Inc,48.666667
Verizon Communications Inc,3,Thomson Reuters Plc /Adr/,Securities And Exchange Commission,47.849958
Verizon Communications Inc,2,Amazon Com Inc,Apple Inc,46.588895
Verizon Communications Inc,2,Huawei Technologies Company Ltd,Huawei Investment And Holding Co Ltd,45.711754
Verizon Communications Inc,2,Design Works,Facebook Inc,44.172081
Verizon Communications Inc,3,Huawei Technologies Company Ltd,Apple Inc,43.577693
Verizon Communications Inc,3,Intel Corp,Apple Inc,43.238020
Verizon Communications Inc,2,Apple Inc,Amazon Com Inc,43.030124
Verizon Communications Inc,1,Verizon Communications Inc,Design Works,42.500000
Verizon Communications Inc,2,Facebook Inc,Apple Inc,41.632211
Verizon Communications Inc,2,House Srl,United States Congress,41.189210
Verizon Communications Inc,3,Advanced Micro Devices Inc,Apple Inc,39.683167
Verizon Communications Inc,2,Design Works,Linkedin Corp,39.328608
Verizon Communications Inc,2,Design Works,Alphabet Inc,39.210475
Verizon Communications Inc,2,Dna Limited,Alphabet Inc,39.136641
Verizon Communications Inc,2,Apple Inc,Facebook Inc,38.875763
Verizon Communications Inc,3,Qualcomm Inc/De,Apple Inc,37.885243
Verizon Communications Inc,3,Apple Inc,Alphabet Inc,37.188914
Verizon Communications Inc,1,Verizon Communications Inc,Huawei Investment And Holding Co Ltd,35.333333
Verizon Communications Inc,1,Verizon Communications Inc,Huawei Technologies Company Ltd,34.666667
Verizon Communications Inc,2,Amazon Com Inc,Facebook Inc,34.554046
Verizon Communications Inc,2,Facebook Inc,Amazon Com Inc,34.199646
Verizon Communications Inc,2,New York Stock Exchange Llc,Securities And Exchange Commission,33.337271
Verizon Communications Inc,1,Verizon Communications Inc,Wells Fargo And Company,32.666667
Verizon Communications Inc,1,Verizon Communications Inc,General Electric Company,32.000000
Verizon Communications Inc,3,Nvidia Corp,Apple Inc,31.689141
Verizon Communications Inc,1,Verizon Communications Inc,Berkshire Hathaway Inc,31.666667
Verizon Communications Inc,2,Design Works,Hubspot Inc,31.600709
Verizon Communications Inc,3,Amazon Com Inc,Alphabet Inc,31.226483
Verizon Communications Inc,1,Verizon Communications Inc,Federal Communications Commission,31.200000
Verizon Communications Inc,3,Facebook Inc,Alphabet Inc,30.735714
Verizon Communications Inc,2,Pfizer Luxco Holdings Sarl,Food And Drug Administration,28.440638
Verizon Communications Inc,2,Budget Propane Corporation,Holly Energy Partners Lp,28.322504
Verizon Communications Inc,2,Sunoco Lp,Holly Energy Partners Lp,28.322504
Verizon Communications Inc,1,Verizon Communications Inc,Ge Aviation Systems Limited,28.000000
Verizon Communications Inc,3,Amazon Com Inc,Apple Inc,27.715553
Verizon Communications Inc,1,Verizon Communications Inc,Walmart Inc,27.666667
Verizon Communications Inc,3,Huawei Technologies Company Ltd,Huawei Investment And Holding Co Ltd,27.193745
Verizon Communications Inc,1,Verizon Communications Inc,United States Navy,27.000000
Verizon Communications Inc,3,Taiwan Semiconductor Manufacturing,Apple Inc,26.512057
Verizon Communications Inc,1,Verizon Communications Inc,Verizon Media,26.333333
Verizon Communications Inc,3,Design Works,Facebook Inc,26.277800
Verizon Communications Inc,2,New York Stock Exchange Llc,Intercontinental Exchange,25.948021
Verizon Communications Inc,3,Apple Inc,Amazon Com Inc,25.598454
Verizon Communications Inc,3,Facebook Inc,Apple Inc,24.766841
Verizon Communications Inc,3,House Srl,United States Congress,24.503302
Verizon Communications Inc,1,Verizon Communications Inc,Nike Inc,24.500000
Verizon Communications Inc,2,Microsoft Corp,Alphabet Inc,24.333038
Verizon Communications Inc,1,Verizon Communications Inc,International Business Machines Corp,23.666667
Verizon Communications Inc,1,Verizon Communications Inc,Qualcomm Inc/De,23.500000
Verizon Communications Inc,3,Design Works,Linkedin Corp,23.396436
Verizon Communications Inc,3,Design Works,Alphabet Inc,23.326159
Verizon Communications Inc,3,Dna Limited,Alphabet Inc,23.282236
Verizon Communications Inc,3,Apple Inc,Facebook Inc,23.127041
Verizon Communications Inc,1,Verizon Communications Inc,National Institute Of Standards And Technology,23.000000
Verizon Communications Inc,2,Huawei Technologies Company Ltd,Alphabet Inc,22.873597
Verizon Communications Inc,1,Verizon Communications Inc,Pepsico Inc,22.333333
Verizon Communications Inc,2,Samsung Electronics Gmbh,Apple Inc,22.120496
Verizon Communications Inc,1,Verizon Communications Inc,Citgo,22.000000
Verizon Communications Inc,2,General Electric Company,General Electric Canada Holdings,21.864540
Verizon Communications Inc,1,Verizon Communications Inc,United States Department Of Transportation,21.666667
Verizon Communications Inc,1,Verizon Communications Inc,Jp Morgan Chase And Co,21.666667
Verizon Communications Inc,1,Verizon Communications Inc,Ford Motor Company,21.666667
Verizon Communications Inc,1,Verizon Communications Inc,National Transportation Safety Board,21.500000
Verizon Communications Inc,1,Verizon Communications Inc,Warner Media Llc,21.500000
Verizon Communications Inc,2,Netflix Inc,Apple Inc,21.273873
Verizon Communications Inc,3,Thestreet Inc,Securities And Exchange Commission,21.044494
Verizon Communications Inc,2,Honeywell Ltd,Boeing Company,20.717661
Verizon Communications Inc,1,Verizon Communications Inc,Paypal Holdings,20.666667
Verizon Communications Inc,2,Alphabet Inc,Apple Inc,20.596246
Verizon Communications Inc,3,Amazon Com Inc,Facebook Inc,20.556068
Verizon Communications Inc,3,Facebook Inc,Amazon Com Inc,20.345237
Verizon Communications Inc,2,Ms Srl,Alphabet Inc,20.077771
Verizon Communications Inc,2,Airbus,Boeing Company,19.994093
Verizon Communications Inc,3,New York Stock Exchange Llc,Securities And Exchange Commission,19.832213
Verizon Communications Inc,2,Hawaiian Airlines Inc,Boeing Company,19.624926
Verizon Communications Inc,2,Kkr Group Ltd,Boeing Company,19.447726
Verizon Communications Inc,1,Verizon Communications Inc,Chegg Inc,19.000000
Verizon Communications Inc,1,Verizon Communications Inc,National Football League Inc,19.000000
Verizon Communications Inc,2,Apple Inc,Microsoft Corp,18.805375
Verizon Communications Inc,3,Design Works,Hubspot Inc,18.799139
Verizon Communications Inc,1,Verizon Communications Inc,Starbucks Corp,18.500000
Verizon Communications Inc,2,Warner Media Llc,Atandt Inc,18.438669
Verizon Communications Inc,1,Verizon Communications Inc,Federal Bureau Of Investigation,18.333333
Verizon Communications Inc,1,Verizon Communications Inc,Linkedin Corp,18.333333
Verizon Communications Inc,3,Isr Srl,Boeing Company,18.289630
Verizon Communications Inc,2,Alphabet Inc,Facebook Inc,18.216184
Verizon Communications Inc,2,Morgan Stanley International Holdings Inc,Morgan Stanley,18.133491
Verizon Communications Inc,3,T Limited,Alphabet Inc,17.985095
Verizon Communications Inc,3,Cts Spa,Boeing Company,17.815259
Verizon Communications Inc,1,Verizon Communications Inc,Procter And Gamble Co,17.666667
Verizon Communications Inc,1,Verizon Communications Inc,Omnicom Group Inc,17.500000
Verizon Communications Inc,2,Alpa Gmbh,Boeing Company,17.454223
Verizon Communications Inc,2,Amazon Com Inc,Microsoft Corp,17.409923
Verizon Communications Inc,3,Easa,Alphabet Inc,17.285252
Verizon Communications Inc,2,Dowdupont Inc,Boeing Company,17.144123
Verizon Communications Inc,2,Barclays Plc,Iff,17.129356
Verizon Communications Inc,2,Modernatx Inc,Pfizer Luxco Holdings Sarl,17.040756
Verizon Communications Inc,2,Astrazeneca Plc,Pfizer Luxco Holdings Sarl,17.040756
Verizon Communications Inc,1,Verizon Communications Inc,Tesla Inc,17.000000
Verizon Communications Inc,1,Verizon Communications Inc,Unilever Plc,17.000000
Verizon Communications Inc,3,Pfizer Luxco Holdings Sarl,Food And Drug Administration,16.919225
Verizon Communications Inc,3,Sunoco Lp,Holly Energy Partners Lp,16.848948
Verizon Communications Inc,3,Budget Propane Corporation,Holly Energy Partners Lp,16.848948
Verizon Communications Inc,2,Nikkei Inc,Apple Inc,16.765111
Verizon Communications Inc,1,Verizon Communications Inc,United States Senate,16.500000
Verizon Communications Inc,2,Wall Street Systems,Securities And Exchange Commission,16.396929
Verizon Communications Inc,2,Netflix Inc,Amazon Com Inc,16.125222
Verizon Communications Inc,2,Pfizer Luxco Holdings Sarl,Modernatx Inc,16.095688
Verizon Communications Inc,2,Linkedin Corp,Facebook Inc,16.016932
Verizon Communications Inc,2,Boc Aviation Limited,Boeing Company,15.800354
Verizon Communications Inc,2,General Electric Company,Boeing Company,15.554243
Verizon Communications Inc,3,Plus Srl,Abc News,15.548821
Verizon Communications Inc,2,European Commission,Alphabet Inc,15.514865
Verizon Communications Inc,2,Apple Inc,Huawei Investment And Holding Co Ltd,15.512404
Verizon Communications Inc,2,Apple Inc,Huawei Technologies Company Ltd,15.505021
Verizon Communications Inc,1,Verizon Communications Inc,Intercontinental Exchange,15.500000
Verizon Communications Inc,3,New York Stock Exchange Llc,Intercontinental Exchange,15.436377
Verizon Communications Inc,2,American Airlines Group Inc,Boeing Company,15.367198
Verizon Communications Inc,1,Verizon Communications Inc,Bank Of America Corp,15.333333
Verizon Communications Inc,1,Verizon Communications Inc,United States Department Of Homeland Security,15.333333
Verizon Communications Inc,2,Dlsa,Alphabet Inc,15.244143
Verizon Communications Inc,1,Verizon Communications Inc,Wells Fargo Bank National Association,15.000000
Verizon Communications Inc,2,Tesla Inc,Apple Inc,14.929120
Verizon Communications Inc,2,Tesla Inc,Boeing Company,14.776531
Verizon Communications Inc,2,The Walt Disney Co,Apple Inc,14.717464
Verizon Communications Inc,2,Broadcom Ltd,Apple Inc,14.628864
Verizon Communications Inc,1,Verizon Communications Inc,Comcast Corp A,14.500000
Verizon Communications Inc,3,Microsoft Corp,Alphabet Inc,14.475630
Verizon Communications Inc,2,Media Tek Inc,Apple Inc,14.382753
Verizon Communications Inc,2,Pfizer Luxco Holdings Sarl,Astrazeneca Plc,14.343375
Verizon Communications Inc,1,Verizon Communications Inc,Dow Jones And Co Inc,14.333333
Verizon Communications Inc,1,Verizon Communications Inc,United States Department Of Justice,14.333333
Verizon Communications Inc,1,Verizon Communications Inc,Intel Corp,14.333333
Verizon Communications Inc,2,Spirit Aerosystems Inc,Boeing Company,14.274463
Verizon Communications Inc,2,Getty Images Inc,Facebook Inc,14.185863
Verizon Communications Inc,2,United Inc,Boeing Company,14.156330
Verizon Communications Inc,2,Goldman Sachs Group Inc,Apple Inc,14.136641
Verizon Communications Inc,2,House Srl,Facebook Inc,14.107108
Verizon Communications Inc,1,Verizon Communications Inc,Brookfield Asset Management Inc,14.000000
Verizon Communications Inc,1,Verizon Communications Inc,Visa Inc,14.000000
Verizon Communications Inc,1,Verizon Communications Inc,Dominion Dental Services Inc,14.000000
Verizon Communications Inc,1,Verizon Communications Inc,Diageo Plc,14.000000
Verizon Communications Inc,1,Verizon Communications Inc,Ovo Energy Ltd,14.000000
Verizon Communications Inc,1,Verizon Communications Inc,Panera Bread Co,14.000000
Verizon Communications Inc,1,Verizon Communications Inc,Gap Inc,14.000000
Verizon Communications Inc,1,Verizon Communications Inc,General Motors Limited,14.000000
Verizon Communications Inc,1,Verizon Communications Inc,Samsung Electronics Gmbh,14.000000
Verizon Communications Inc,2,Getty Images Inc,Bangladesh Bank,13.969285
Verizon Communications Inc,2,Facebook Inc,Arizona State University,13.821618
Verizon Communications Inc,2,Navy Group Srl,Boeing Company,13.792085
Verizon Communications Inc,2,Morgan Stanley And Co Llc,Morgan Stanley,13.762552
Verizon Communications Inc,2,Delta Air Lines Inc,Boeing Company,13.723174
Verizon Communications Inc,1,Verizon Communications Inc,Goldman Sachs Group Inc,13.666667
Verizon Communications Inc,3,Huawei Technologies Company Ltd,Alphabet Inc,13.607414
Verizon Communications Inc,2,Amazon Com Inc,Tesla Inc,13.536129
Verizon Communications Inc,2,Walmart Inc,Amazon Com Inc,13.467218
Verizon Communications Inc,2,British Airways Plc,Boeing Company,13.437685
Verizon Communications Inc,3,Masa,Alphabet Inc,13.402439
Verizon Communications Inc,2,Morgan Stanley And Co Llc,Morgan Stanley Investments (Uk),13.378618
Verizon Communications Inc,2,Morgan Stanley And Co Llc,Morgan Stanley Domestic Holdings Inc,13.368773
Verizon Communications Inc,2,Amazon Com Inc,Boeing Company,13.339240
Verizon Communications Inc,1,Verizon Communications Inc,Ericsson Inc,13.333333
Verizon Communications Inc,2,Facebook Inc,Microsoft Corp,13.312168
Verizon Communications Inc,3,Samsung Electronics Gmbh,Apple Inc,13.159397
Verizon Communications Inc,2,Netflix Inc,Alphabet Inc,13.152195
Verizon Communications Inc,3,General Electric Company,General Electric Canada Holdings,13.007130
Verizon Communications Inc,1,Verizon Communications Inc,British Airways Plc,13.000000
Verizon Communications Inc,1,Verizon Communications Inc,World Economic Forum Llc,13.000000
Verizon Communications Inc,1,Verizon Communications Inc,L'oreal Sa,13.000000
Verizon Communications Inc,2,Amazon Com Inc,Netflix Inc,12.984840
Verizon Communications Inc,2,Advanced Micro Devices Inc,Taiwan Semiconductor Manufacturing,12.965151
Verizon Communications Inc,2,T-Mobile Us,Deutsche Telekom Ag,12.955306
Verizon Communications Inc,2,Amazon Com Inc,Walmart Inc,12.768261
Verizon Communications Inc,2,Mri Gmbh,Alphabet Inc,12.714117
Verizon Communications Inc,1,Verizon Communications Inc,Uber Technologies Inc,12.666667
Verizon Communications Inc,3,Netflix Inc,Apple Inc,12.655744
Verizon Communications Inc,2,Boeing Company,Federal Aviation Administration,12.539870
Verizon Communications Inc,1,Verizon Communications Inc,Government Accountability Office,12.500000
Verizon Communications Inc,3,Easa,Boeing Company,12.456626
Verizon Communications Inc,2,Huawei Technologies Company Ltd,Semiconductor Manufacturing International,12.394172
Verizon Communications Inc,2,Pfizer Luxco Holdings Sarl,Boeing Company,12.389250
Verizon Communications Inc,1,Verizon Communications Inc,Coca Cola Enterprises Inc,12.333333
Verizon Communications Inc,1,Verizon Communications Inc,Executive Office Of The President,12.333333
Verizon Communications Inc,3,Honeywell Ltd,Boeing Company,12.324856
Verizon Communications Inc,3,Cjad,Alphabet Inc,12.295574
Verizon Communications Inc,2,Southwest Airlines Company,Boeing Company,12.276039
Verizon Communications Inc,3,Alphabet Inc,Apple Inc,12.252627
Verizon Communications Inc,2,Northrop Grumman Corp,Boeing Company,12.088994
Verizon Communications Inc,2,Linkedin Corp,Alphabet Inc,12.025005
Verizon Communications Inc,1,Verizon Communications Inc,International Airlines Group,12.000000
Verizon Communications Inc,1,Verizon Communications Inc,Vinters International Limited,12.000000
Verizon Communications Inc,1,Verizon Communications Inc,Rolls-Royce Oy Ab,12.000000
Verizon Communications Inc,1,Verizon Communications Inc,General Electric Canada Holdings,12.000000
Verizon Communications Inc,3,Alaska Airlines Inc,Boeing Company,11.947116
Verizon Communications Inc,3,Ms Srl,Alphabet Inc,11.944188
Verizon Communications Inc,3,Aerovironment Inc,Boeing Company,11.929547
Verizon Communications Inc,3,Airbus,Boeing Company,11.894409
Verizon Communications Inc,2,Sony Corp,Apple Inc,11.872416
Verizon Communications Inc,2,Bombardier Inc,Boeing Company,11.813349
Verizon Communications Inc,2,Huawei Technologies Company Ltd,Taiwan Semiconductor Manufacturing,11.805966
Verizon Communications Inc,2,Jetblue Airways Corp,Boeing Company,11.798582
Verizon Communications Inc,2,House Srl,Boeing Company,11.773971
Verizon Communications Inc,3,Air Lease Corp,Boeing Company,11.692362
Verizon Communications Inc,2,Rolls-Royce Corporation,Boeing Company,11.685371
Verizon Communications Inc,3,Hawaiian Airlines Inc,Boeing Company,11.674792
Verizon Communications Inc,2,Shell,Boeing Company,11.650916
Verizon Communications Inc,3,Spirit Airlines Inc,Boeing Company,11.630869
Verizon Communications Inc,3,Porter Airlines Inc,Boeing Company,11.578161
Verizon Communications Inc,2,Viasat Inc,Boeing Company,11.577082
Verizon Communications Inc,3,Kkr Group Ltd,Boeing Company,11.569377
Verizon Communications Inc,3,Skywest Inc,Boeing Company,11.569377
Verizon Communications Inc,3,Kratos Gmbh,Boeing Company,11.560592
Verizon Communications Inc,3,Nav Canada,Boeing Company,11.551807
Verizon Communications Inc,3,Cargojet Inc,Boeing Company,11.551807
Verizon Communications Inc,3,Textron Aviation Inc,Boeing Company,11.551807
Verizon Communications Inc,2,Mitsubishi Corp,Boeing Company,11.518015
Verizon Communications Inc,1,Verizon Communications Inc,National Farmers Union,11.500000
Verizon Communications Inc,2,Netflix Inc,Facebook Inc,11.488482
Verizon Communications Inc,2,Bmw Ag St,Bmw,11.481099
Verizon Communications Inc,2,Morgan Stanley And Co Llc,Morgan Stanley International Holdings Inc,11.458949
Verizon Communications Inc,1,Verizon Communications Inc,Bloomberg Inc,11.333333
Verizon Communications Inc,1,Verizon Communications Inc,Lenovo Group Ltd,11.250000
Verizon Communications Inc,2,Jp Morgan Chase And Co,Wells Fargo And Company,11.202993
Verizon Communications Inc,3,Apple Inc,Microsoft Corp,11.187245
Verizon Communications Inc,2,Apple Inc,Netflix Inc,11.124237
Verizon Communications Inc,1,Verizon Communications Inc,Ana,11.000000
Verizon Communications Inc,1,Verizon Communications Inc,National Grid Transco Plc,11.000000
Verizon Communications Inc,1,Verizon Communications Inc,American Medical Association,11.000000
Verizon Communications Inc,1,Verizon Communications Inc,Adobe Inc,11.000000
Verizon Communications Inc,1,Verizon Communications Inc,The Npd Group Inc,11.000000
Verizon Communications Inc,1,Verizon Communications Inc,Exxon Mobil Corp,11.000000
Verizon Communications Inc,1,Verizon Communications Inc,London School Of Economics And Political Science,11.000000
Verizon Communications Inc,1,Verizon Communications Inc,Mcdonald's Corp,11.000000
Verizon Communications Inc,1,Verizon Communications Inc,Media Tek Inc,11.000000
Verizon Communications Inc,1,Verizon Communications Inc,Mastercard Inc,11.000000
Verizon Communications Inc,3,Warner Media Llc,Atandt Inc,10.969093
Verizon Communications Inc,2,Apple Inc,Tesla Inc,10.919965
Verizon Communications Inc,3,Alphabet Inc,Facebook Inc,10.836737
Verizon Communications Inc,3,Morgan Stanley International Holdings Inc,Morgan Stanley,10.787543
Verizon Communications Inc,2,Alphabet Inc,Amazon Com Inc,10.689440
Verizon Communications Inc,1,Verizon Communications Inc,Morgan Stanley Domestic Holdings Inc,10.666667
Verizon Communications Inc,1,Verizon Communications Inc,Kraft Heinz Co,10.666667
Verizon Communications Inc,1,Verizon Communications Inc,Delta Air Lines Inc,10.666667
Verizon Communications Inc,1,Verizon Communications Inc,Morgan Stanley And Co Llc,10.666667
Verizon Communications Inc,2,White House,Boeing Company,10.661548
Verizon Communications Inc,2,Apple Inc,Taiwan Semiconductor Manufacturing,10.649734
Verizon Communications Inc,3,Moody's Investors Service,Moodys Corp /De/,10.589889
Verizon Communications Inc,2,Home Box Office Inc,Warner Media Llc,10.537507
Verizon Communications Inc,1,Verizon Communications Inc,National Grid North America Inc,10.500000
Verizon Communications Inc,1,Verizon Communications Inc,Ebay Inc,10.500000
Verizon Communications Inc,1,Verizon Communications Inc,Caterpillar Inc,10.500000
Verizon Communications Inc,1,Verizon Communications Inc,Gartner Inc,10.500000
Verizon Communications Inc,1,Verizon Communications Inc,National Grid Usa,10.500000
Verizon Communications Inc,3,Alpa Gmbh,Boeing Company,10.383450
Verizon Communications Inc,3,Amazon Com Inc,Microsoft Corp,10.357096
Verizon Communications Inc,2,Bank Of America Corp,Wells Fargo And Company,10.336680
Verizon Communications Inc,1,Verizon Communications Inc,Morgan Stanley Investments (Uk),10.333333
Verizon Communications Inc,2,Facebook Inc,Paypal Holdings,10.297303
Verizon Communications Inc,3,Harbour Air Ltd,Boeing Company,10.286819
Verizon Communications Inc,2,Apple Inc,Intel Corp,10.228391
Verizon Communications Inc,3,Amf Spa,International Flavors And Fragrances Inc,10.225326
Verizon Communications Inc,3,Business Wire Inc,International Flavors And Fragrances Inc,10.225326
Verizon Communications Inc,3,Indigo Limited,Boeing Company,10.216541
Verizon Communications Inc,3,Dowdupont Inc,Boeing Company,10.198972
Verizon Communications Inc,3,Barclays Plc,Iff,10.190188
Verizon Communications Inc,3,Business Wire Inc,Iff,10.190188
Verizon Communications Inc,3,Amf Spa,Iff,10.190188
Verizon Communications Inc,3,National Business Aviation Association Inc,Boeing Company,10.155049
Verizon Communications Inc,3,Airbus Americas Inc,Boeing Company,10.146264
Verizon Communications Inc,3,Corsair Limited,Boeing Company,10.146264
Verizon Communications Inc,3,Expressjet Airlines Inc,Boeing Company,10.146264
Verizon Communications Inc,2,Netflix Inc,The Walt Disney Co,10.144714
Verizon Communications Inc,3,Modernatx Inc,Pfizer Luxco Holdings Sarl,10.137480
Verizon Communications Inc,3,Astrazeneca Plc,Pfizer Luxco Holdings Sarl,10.137480
Verizon Communications Inc,2,Linkedin Corp,Hubspot Inc,10.070880
Verizon Communications Inc,1,Verizon Communications Inc,Mars Gmbh,10.000000
Verizon Communications Inc,1,Verizon Communications Inc,Pixar,10.000000
Verizon Communications Inc,1,Verizon Communications Inc,Anthem Inc,10.000000
Verizon Communications Inc,1,Verizon Communications Inc,Marathon Petroleum Corp,10.000000
Verizon Communications Inc,1,Verizon Communications Inc,United States Department Of Health And Human Services,10.000000
Verizon Communications Inc,1,Verizon Communications Inc,Clorox Company,10.000000
Verizon Communications Inc,1,Verizon Communications Inc,Adidas Ag,10.000000
Verizon Communications Inc,1,Verizon Communications Inc,Best Buy Co Inc,10.000000
Verizon Communications Inc,1,Verizon Communications Inc,Merck And Co Inc,10.000000
Verizon Communications Inc,1,Verizon Communications Inc,Vodafone Idea Ltd,10.000000
Verizon Communications Inc,1,Verizon Communications Inc,Interactive Advertising Bureau Inc,10.000000
Verizon Communications Inc,2,Tesla Inc,Ford Motor Company,9.992124
Verizon Communications Inc,3,Nikkei Inc,Apple Inc,9.973500
Verizon Communications Inc,2,House Srl,Alphabet Inc,9.937980
Verizon Communications Inc,2,Ford Motor Company,Tesla Inc,9.915830
Verizon Communications Inc,2,Airbus,Airbus Group Se,9.901063
Verizon Communications Inc,2,Nvidia Corp,Taiwan Semiconductor Manufacturing,9.864146
Verizon Communications Inc,2,Jp Morgan Chase And Co,Securities And Exchange Commission,9.840520
Verizon Communications Inc,2,Huawei Technologies Company Ltd,Facebook Inc,9.834613
Verizon Communications Inc,2,Design Works,Dnt,9.819846
Verizon Communications Inc,2,Insight,National Aeronautics And Space Administration,9.790313
Verizon Communications Inc,2,Tesla Inc,Amazon Com Inc,9.775546
Verizon Communications Inc,3,Wall Street Systems,Securities And Exchange Commission,9.754469
Verizon Communications Inc,2,Visa Inc,Apple Inc,9.716480
Verizon Communications Inc,1,Verizon Communications Inc,Boeing Company,9.666667
Verizon Communications Inc,3,American,Boeing Company,9.627970
Verizon Communications Inc,2,Semiconductor Manufacturing International,Huawei Technologies Company Ltd,9.618035
Verizon Communications Inc,2,Semiconductor Manufacturing International,Huawei Investment And Holding Co Ltd,9.618035
Verizon Communications Inc,3,Netflix Inc,Amazon Com Inc,9.592832
Verizon Communications Inc,3,Pfizer Luxco Holdings Sarl,Modernatx Inc,9.575262
Verizon Communications Inc,2,Starbucks Corp,Apple Inc,9.558968
Verizon Communications Inc,3,Hexcel Corp,Boeing Company,9.531339
Verizon Communications Inc,3,Linkedin Corp,Facebook Inc,9.528411
Verizon Communications Inc,2,Ingredion Inc,Purecircle Ltd,9.509746
Verizon Communications Inc,1,Verizon Communications Inc,Direct Line Insurance Group Plc,9.500000
Verizon Communications Inc,1,Verizon Communications Inc,Alibaba Group Holding Ltd,9.500000
Verizon Communications Inc,1,Verizon Communications Inc,Pfizer Luxco Holdings Sarl,9.500000
Verizon Communications Inc,1,Verizon Communications Inc,National Basketball Association Inc,9.500000
Verizon Communications Inc,1,Verizon Communications Inc,Direct Line Group Limited,9.500000
Verizon Communications Inc,2,Kpmg Sa,Purecircle Ltd,9.480213
Verizon Communications Inc,2,Apple Inc,Qualcomm Inc/De,9.470368
Verizon Communications Inc,2,New York Stock Exchange Llc,Purecircle Ltd,9.450679
Verizon Communications Inc,2,Facebook Inc,Federal Trade Commission,9.450679
Verizon Communications Inc,2,Budget Propane Corporation,Moodys Corp /De/,9.401457
Verizon Communications Inc,3,Titan Sa,Boeing Company,9.399570
Verizon Communications Inc,3,Boc Aviation Limited,Boeing Company,9.399570
Verizon Communications Inc,2,Bnp Paribas,Design Works,9.391613
Verizon Communications Inc,2,Amazon Com Inc,Shopify Inc,9.376846
Verizon Communications Inc,3,Viking Air Limited,Boeing Company,9.346862
Verizon Communications Inc,3,Gevo Inc,Boeing Company,9.346862
Verizon Communications Inc,3,Compass Sbtv Llc,Boeing Company,9.346862
Verizon Communications Inc,3,Leidos Holdings Inc,Boeing Company,9.346862
Verizon Communications Inc,3,Zacks Investment Research,Wells Fargo And Company,9.341005
Verizon Communications Inc,3,Textron Inc,Boeing Company,9.338077
Verizon Communications Inc,1,Verizon Communications Inc,Equifax Inc,9.333333
Verizon Communications Inc,2,International Business Machines Corp,Alphabet Inc,9.317779
Verizon Communications Inc,3,General Electric Company,Boeing Company,9.253159
Verizon Communications Inc,3,European Commission,Alphabet Inc,9.229733
Verizon Communications Inc,3,Apple Inc,Huawei Investment And Holding Co Ltd,9.228269
Verizon Communications Inc,3,Apple Inc,Huawei Technologies Company Ltd,9.223877
Verizon Communications Inc,3,Wells Fargo Bank Ltd,Wells Fargo And Company,9.175561
Verizon Communications Inc,2,Volkswagen Ag,Tesla Inc,9.145501
Verizon Communications Inc,3,Zacks Investment Research,Thomson Reuters Plc /Adr/,9.144815
Verizon Communications Inc,3,American Airlines Group Inc,Boeing Company,9.141887
Verizon Communications Inc,2,Facebook Inc,United States Senate,9.084465
Verizon Communications Inc,2,Qualcomm Inc/De,Taiwan Semiconductor Manufacturing,9.081512
Verizon Communications Inc,3,Dlsa,Alphabet Inc,9.068681
Verizon Communications Inc,2,Intel Corp,Taiwan Semiconductor Manufacturing,9.066745
Verizon Communications Inc,1,Verizon Communications Inc,Fcc Spa,9.000000
Verizon Communications Inc,1,Verizon Communications Inc,Johnson And Johnson Services Inc,9.000000
Verizon Communications Inc,1,Verizon Communications Inc,Motorola Mobility Llc,9.000000
Verizon Communications Inc,1,Verizon Communications Inc,Softbank Group Corp,9.000000
Verizon Communications Inc,1,Verizon Communications Inc,Airbus Defence And Space Sas,9.000000
Verizon Communications Inc,1,Verizon Communications Inc,Hearst Communications Inc,9.000000
Verizon Communications Inc,1,Verizon Communications Inc,Medical Informatics Engineering Inc,9.000000
Verizon Communications Inc,1,Verizon Communications Inc,Nokia Corp,9.000000
Verizon Communications Inc,1,Verizon Communications Inc,Hewlett Packard Enterprise Comp,9.000000
Verizon Communications Inc,1,Verizon Communications Inc,Univision Communications Inc,9.000000
Verizon Communications Inc,1,Verizon Communications Inc,United States Army,9.000000
Verizon Communications Inc,1,Verizon Communications Inc,United States Department Of Defense,9.000000
Verizon Communications Inc,2,Media Tek Inc,Huawei Technologies Company Ltd,8.987990
Verizon Communications Inc,2,Media Tek Inc,Huawei Investment And Holding Co Ltd,8.987990
Verizon Communications Inc,3,Woodward Inc,Boeing Company,8.969122
Verizon Communications Inc,3,Tesla Inc,Apple Inc,8.881276
Verizon Communications Inc,3,Epic Games Inc,Apple Inc,8.866634
Verizon Communications Inc,2,Sony Corp,Bangladesh Bank,8.845245
Verizon Communications Inc,3,Tesla Inc,Boeing Company,8.790501
Verizon Communications Inc,2,Amex Global Holdings Cv,Apple Inc,8.761567
Verizon Communications Inc,3,The Walt Disney Co,Apple Inc,8.755362
Verizon Communications Inc,1,Verizon Communications Inc,Hsbc Holdings Plc,8.750000
Verizon Communications Inc,3,Broadcom Ltd,Apple Inc,8.702654
Verizon Communications Inc,1,Verizon Communications Inc,Rolls Royce Grp,8.666667
Verizon Communications Inc,3,Zacks Investment Research,Goldman Sachs Group Inc,8.626521
Verizon Communications Inc,2,Intercontinental Exchange,International Flavors And Fragrances Inc,8.623745
Verizon Communications Inc,2,Intercontinental Exchange,Iff,8.608978
Verizon Communications Inc,2,Barclays Plc,International Flavors And Fragrances Inc,8.608978
Verizon Communications Inc,1,Verizon Communications Inc,Federal Trade Commission,8.600000
Verizon Communications Inc,2,Uber Technologies Inc,Boeing Company,8.584367
Verizon Communications Inc,2,Home Box Office Inc,Netflix Inc,8.564678
Verizon Communications Inc,3,Media Tek Inc,Apple Inc,8.556244
Verizon Communications Inc,2,Home Box Office Inc,Atandt Inc,8.554834
Verizon Communications Inc,2,General Motors Limited,Tesla Inc,8.537830
Verizon Communications Inc,3,Pfizer Luxco Holdings Sarl,Astrazeneca Plc,8.532818
Verizon Communications Inc,3,Epa,Alphabet Inc,8.518177
Verizon Communications Inc,1,Verizon Communications Inc,Metro Inc,8.500000
Verizon Communications Inc,1,Verizon Communications Inc,Lyft Inc,8.500000
Verizon Communications Inc,1,Verizon Communications Inc,Pih Health Inc,8.500000
Verizon Communications Inc,1,Verizon Communications Inc,Fedex Corp,8.500000
Verizon Communications Inc,1,Verizon Communications Inc,Morgan Stanley International Holdings Inc,8.500000
Verizon Communications Inc,3,Spirit Aerosystems Inc,Boeing Company,8.491823
Verizon Communications Inc,2,Intel Corp,Advanced Micro Devices Inc,8.485922
Verizon Communications Inc,2,Goldman Sachs Group Inc,Willis Towers Watson Plc,8.476078
Verizon Communications Inc,2,Liberty Global Inc,Tesla Inc,8.476078
Verizon Communications Inc,3,Getty Images Inc,Facebook Inc,8.439115
Verizon Communications Inc,3,United Inc,Boeing Company,8.421546
Verizon Communications Inc,3,Goldman Sachs Group Inc,Apple Inc,8.409833
Verizon Communications Inc,1,Verizon Communications Inc,National Security Agency,8.400000
Verizon Communications Inc,3,House Srl,Facebook Inc,8.392264
Verizon Communications Inc,2,Lyft Inc,Uber Technologies Inc,8.387478
Verizon Communications Inc,2,Pfizer Luxco Holdings Sarl,Centers For Disease Control And Prevention,8.372711
Verizon Communications Inc,2,Lockheed Martin Corp,Boeing Company,8.367789
Verizon Communications Inc,3,Nosa,Alphabet Inc,8.351269
Verizon Communications Inc,1,Verizon Communications Inc,Bnp Paribas,8.333333
Verizon Communications Inc,1,Verizon Communications Inc,Bmw,8.333333
Verizon Communications Inc,2,Tesla Inc,General Motors Limited,8.310691
Verizon Communications Inc,3,Getty Images Inc,Bangladesh Bank,8.310274
Verizon Communications Inc,2,Semiconductor Manufacturing International,Apple Inc,8.269344
Verizon Communications Inc,3,Zacks Investment Research,Morgan Stanley And Co Llc,8.257566
Verizon Communications Inc,2,Ford Motor Company,General Motors Limited,8.257531
Verizon Communications Inc,3,Facebook Inc,Arizona State University,8.222427
Verizon Communications Inc,3,Navy Group Srl,Boeing Company,8.204858
Verizon Communications Inc,3,Morgan Stanley And Co Llc,Morgan Stanley,8.187289
Verizon Communications Inc,2,Wells Fargo Clearing Services Llc,Wells Fargo And Company,8.173361
Verizon Communications Inc,3,Delta Air Lines Inc,Boeing Company,8.163863
Verizon Communications Inc,2,Intercontinental Exchange,Securities And Exchange Commission,8.121677
Verizon Communications Inc,2,Morgan Stanley And Co Llc,Securities And Exchange Commission,8.106911
Verizon Communications Inc,3,Triumph Group Inc,Boeing Company,8.087729
Verizon Communications Inc,3,Amazon Com Inc,Tesla Inc,8.052591
Verizon Communications Inc,3,Walmart Inc,Amazon Com Inc,8.011596
Verizon Communications Inc,1,Verizon Communications Inc,Symantec Corp,8.000000
Verizon Communications Inc,1,Verizon Communications Inc,Yum Brands Inc,8.000000
Verizon Communications Inc,1,Verizon Communications Inc,Emc Corp,8.000000
Verizon Communications Inc,1,Verizon Communications Inc,Alpa Gmbh,8.000000
Verizon Communications Inc,1,Verizon Communications Inc,House Of Representatives,8.000000
Verizon Communications Inc,1,Verizon Communications Inc,Ge Healthcare Inc,8.000000
Verizon Communications Inc,1,Verizon Communications Inc,Pizza Hut Inc,8.000000
Verizon Communications Inc,1,Verizon Communications Inc,Wendy As,8.000000
Verizon Communications Inc,1,Verizon Communications Inc,Sony Corp,8.000000
Verizon Communications Inc,1,Verizon Communications Inc,Home Depot Inc,8.000000
Verizon Communications Inc,1,Verizon Communications Inc,Comcast Cable Communications Llc,8.000000
Verizon Communications Inc,1,Verizon Communications Inc,Espn Inc,8.000000
Verizon Communications Inc,1,Verizon Communications Inc,United States Department Of State,8.000000
Verizon Communications Inc,1,Verizon Communications Inc,Royal Dutch Shell,8.000000
Verizon Communications Inc,1,Verizon Communications Inc,Abc News,8.000000
Verizon Communications Inc,3,British Airways Plc,Boeing Company,7.994026
Verizon Communications Inc,2,Mastercard Inc,Apple Inc,7.993700
Verizon Communications Inc,2,Pfizer Luxco Holdings Sarl,United States Senate,7.988777
Verizon Communications Inc,2,Microsoft Corp,Apple Inc,7.961790
Verizon Communications Inc,2,Atlas Air Worldwide Holdings Inc,Boeing Company,7.959244
Verizon Communications Inc,3,Morgan Stanley And Co Llc,Morgan Stanley Investments (Uk),7.958888
Verizon Communications Inc,3,Morgan Stanley And Co Llc,Morgan Stanley Domestic Holdings Inc,7.953031
Verizon Communications Inc,3,Amazon Com Inc,Boeing Company,7.935462
Verizon Communications Inc,2,Goldman Sachs And Co Llc,Goldman Sachs Group Inc,7.934633
Verizon Communications Inc,3,Tse Co Ltd,Alphabet Inc,7.923749
Verizon Communications Inc,3,Facebook Inc,Microsoft Corp,7.919357
Verizon Communications Inc,2,Ebay Inc,Paypal Holdings,7.905099
Verizon Communications Inc,2,Intel Corp,Huawei Investment And Holding Co Ltd,7.900177
Verizon Communications Inc,2,Intel Corp,Huawei Technologies Company Ltd,7.900177
Verizon Communications Inc,2,Amazon Com Inc,Paypal Holdings,7.885411
Verizon Communications Inc,3,Zacks Investment Research,Morgan Stanley Investments (Uk),7.876898
Verizon Communications Inc,3,Zacks Investment Research,Morgan Stanley Domestic Holdings Inc,7.876898
Verizon Communications Inc,2,Advanced Micro Devices Inc,Intel Corp,7.875566
Verizon Communications Inc,3,Netflix Inc,Alphabet Inc,7.824190
Verizon Communications Inc,3,International Air Transport Association,Boeing Company,7.818334
Verizon Communications Inc,2,Nest Limited,Alphabet Inc,7.811577
Verizon Communications Inc,2,The Walt Disney Co,Amazon Com Inc,7.767277
Verizon Communications Inc,2,House Srl,United States Capitol Police,7.752510
Verizon Communications Inc,1,Verizon Communications Inc,Charter Communications Inc,7.750000
Verizon Communications Inc,3,Amazon Com Inc,Netflix Inc,7.724631
Verizon Communications Inc,3,Advanced Micro Devices Inc,Taiwan Semiconductor Manufacturing,7.712918
Verizon Communications Inc,3,T-Mobile Us,Deutsche Telekom Ag,7.707061
Verizon Communications Inc,3,Zacks Investment Research,Morgan Stanley International Holdings Inc,7.701205
Verizon Communications Inc,1,Verizon Communications Inc,Barclays Plc,7.666667
Verizon Communications Inc,3,Amazon Com Inc,Walmart Inc,7.595789
Verizon Communications Inc,3,Mri Gmbh,Alphabet Inc,7.563579
Verizon Communications Inc,2,Atandt Inc,Apple Inc,7.550699
Verizon Communications Inc,2,Astrazeneca Plc,Johnson And Johnson Services Inc,7.545777
Verizon Communications Inc,2,Huawei Technologies Company Ltd,Qualcomm Inc/De,7.521166
Verizon Communications Inc,2,Microsoft Corp,Amazon Com Inc,7.516243
Verizon Communications Inc,2,J And J,Centers For Disease Control And Prevention,7.501477
Verizon Communications Inc,1,Verizon Communications Inc,Chipotle Mexican Grill Inc,7.500000
Verizon Communications Inc,1,Verizon Communications Inc,Kroger Company,7.500000
Verizon Communications Inc,1,Verizon Communications Inc,Centrica Plc Ord New,7.500000
Verizon Communications Inc,1,Verizon Communications Inc,Petsmart Inc,7.500000
Verizon Communications Inc,1,Verizon Communications Inc,Volkswagen Ag,7.500000
Verizon Communications Inc,1,Verizon Communications Inc,Quad/Graphics,7.500000
Verizon Communications Inc,1,Verizon Communications Inc,Fireeye Inc,7.500000
Verizon Communications Inc,1,Verizon Communications Inc,Heathrow Airport Limited,7.500000
Verizon Communications Inc,1,Verizon Communications Inc,Lloyds Banking Group Plc,7.500000
Verizon Communications Inc,1,Verizon Communications Inc,Altice,7.500000
Verizon Communications Inc,1,Verizon Communications Inc,Under Armour,7.500000
Verizon Communications Inc,2,Qualcomm Inc/De,Huawei Investment And Holding Co Ltd,7.483757
Verizon Communications Inc,2,Qualcomm Inc/De,Huawei Technologies Company Ltd,7.477850
Verizon Communications Inc,2,Morgan Stanley And Co Llc,Tesla Inc,7.462099
Verizon Communications Inc,3,Boeing Company,Federal Aviation Administration,7.459920
Verizon Communications Inc,2,London Stock Exchange Group Plc,Sdl,7.442410
Verizon Communications Inc,2,Fitbit Inc,Alphabet Inc,7.398110
Verizon Communications Inc,3,Huawei Technologies Company Ltd,Semiconductor Manufacturing International,7.373245
Verizon Communications Inc,3,Pfizer Luxco Holdings Sarl,Boeing Company,7.370317
Verizon Communications Inc,1,Verizon Communications Inc,Techcrunch,7.333333
Verizon Communications Inc,1,Verizon Communications Inc,Oracle Corp,7.333333
Verizon Communications Inc,2,Apple Inc,Securities And Exchange Commission,7.324276
Verizon Communications Inc,3,Southwest Airlines Company,Boeing Company,7.302968
Verizon Communications Inc,2,White House,Executive Office Of The President,7.277023
Verizon Communications Inc,2,Atandt Inc,Warner Media Llc,7.271116
Verizon Communications Inc,2,Jpm Limited,Jp Morgan Chase And Co,7.265210
Verizon Communications Inc,2,Oracle Corp,Alphabet Inc,7.257826
Verizon Communications Inc,2,House Srl,House Of Representatives,7.255365
Verizon Communications Inc,1,Verizon Communications Inc,Food And Drug Administration,7.250000
Verizon Communications Inc,2,United Inc,United,7.206143
Verizon Communications Inc,3,Northrop Grumman Corp,Boeing Company,7.191696
Verizon Communications Inc,2,Alphabet Inc,Microsoft Corp,7.190599
Verizon Communications Inc,3,Linkedin Corp,Alphabet Inc,7.153629
Verizon Communications Inc,2,Goldman Sachs Group Inc,Securities And Exchange Commission,7.141170
Verizon Communications Inc,2,Ebay Inc,Shopify Inc,7.117543
Verizon Communications Inc,2,Walmart Inc,Apple Inc,7.107698
Verizon Communications Inc,2,Microsoft Corp,Facebook Inc,7.082798
Verizon Communications Inc,3,Sony Corp,Apple Inc,7.062854
Verizon Communications Inc,2,Uber Technologies Inc,Apple Inc,7.058476
Verizon Communications Inc,2,Tesla Inc,Securities And Exchange Commission,7.034849
Verizon Communications Inc,2,The Walt Disney Co,The Walt Disney Company,7.028943
Verizon Communications Inc,3,Bombardier Inc,Boeing Company,7.027716
Verizon Communications Inc,3,Huawei Technologies Company Ltd,Taiwan Semiconductor Manufacturing,7.023323
Verizon Communications Inc,3,Jetblue Airways Corp,Boeing Company,7.018931
Verizon Communications Inc,3,House Srl,Boeing Company,7.004290
Verizon Communications Inc,1,Verizon Communications Inc,Hershey,7.000000
Verizon Communications Inc,1,Verizon Communications Inc,Oxford City Council,7.000000
Verizon Communications Inc,1,Verizon Communications Inc,Dentsu Inc,7.000000
Verizon Communications Inc,1,Verizon Communications Inc,Cvs Health Corporation,7.000000
Verizon Communications Inc,1,Verizon Communications Inc,Hershey Co,7.000000
Verizon Communications Inc,1,Verizon Communications Inc,Plains All American Pipeline Lp,7.000000
Verizon Communications Inc,1,Verizon Communications Inc,Huffpost,7.000000
Verizon Communications Inc,1,Verizon Communications Inc,Plains Gp Holdings Lp,7.000000
Verizon Communications Inc,1,Verizon Communications Inc,Defense Advanced Research Projects Agency,7.000000
Verizon Communications Inc,1,Verizon Communications Inc,Aol Inc,7.000000
Verizon Communications Inc,1,Verizon Communications Inc,G2 Crowd Inc,7.000000
Verizon Communications Inc,1,Verizon Communications Inc,Daimler Ag,7.000000
Verizon Communications Inc,1,Verizon Communications Inc,Memorial Hermann Health System,7.000000
Verizon Communications Inc,1,Verizon Communications Inc,Cp Lotus Corp,7.000000
Verizon Communications Inc,1,Verizon Communications Inc,Inseego Corp,7.000000
Verizon Communications Inc,1,Verizon Communications Inc,Dentsu Aegis Network Ltd,7.000000
Verizon Communications Inc,1,Verizon Communications Inc,Upmc,7.000000
Verizon Communications Inc,1,Verizon Communications Inc,Proofpoint Inc,7.000000
Verizon Communications Inc,1,Verizon Communications Inc,Eqt Corp,7.000000
Verizon Communications Inc,1,Verizon Communications Inc,Pbf Holding Co Llc,7.000000
Verizon Communications Inc,1,Verizon Communications Inc,Targa Resources Partners Lp,7.000000
Verizon Communications Inc,1,Verizon Communications Inc,Verizon Wireless Inc,7.000000
Verizon Communications Inc,1,Verizon Communications Inc,Department Of The Navy,7.000000
Verizon Communications Inc,1,Verizon Communications Inc,Rolls-Royce Corporation,7.000000
Verizon Communications Inc,1,Verizon Communications Inc,Vmware Inc,7.000000
Verizon Communications Inc,1,Verizon Communications Inc,Brookfield Bbp Canada Holdings Inc,7.000000
Verizon Communications Inc,1,Verizon Communications Inc,Liquid Web,7.000000
Verizon Communications Inc,1,Verizon Communications Inc,Cyren Ltd,7.000000
Verizon Communications Inc,1,Verizon Communications Inc,Siemens Inc,7.000000
Verizon Communications Inc,2,House Srl,Federal Bureau Of Investigation,6.989565
Verizon Communications Inc,2,Johnson And Johnson Services Inc,Astrazeneca Plc,6.969876
Verizon Communications Inc,3,Federal Reserve Bank Of New York,Federal Reserve System,6.966223
Verizon Communications Inc,2,European Commission,Design Works,6.960032
Verizon Communications Inc,2,E3 Srl,Alphabet Inc,6.955109
Verizon Communications Inc,3,Rolls-Royce Corporation,Boeing Company,6.951582
Verizon Communications Inc,3,Shell,Boeing Company,6.931084
Verizon Communications Inc,2,White House,United States Senate,6.930498
Verizon Communications Inc,3,Frontier Airlines Inc /Co/,Boeing Company,6.922300
Verizon Communications Inc,2,House Srl,Abc News,6.900965
Verizon Communications Inc,3,Viasat Inc,Boeing Company,6.887161
Verizon Communications Inc,3,Integration Innovation Inc,Boeing Company,6.878377
Verizon Communications Inc,3,Pratt And Whitney Canada Corp,Boeing Company,6.878377
Verizon Communications Inc,3,Verdego Aero,Boeing Company,6.878377
Verizon Communications Inc,3,Xti Aircraft Company,Boeing Company,6.878377
Verizon Communications Inc,3,Mitsubishi Corp,Boeing Company,6.852023
Verizon Communications Inc,3,Netflix Inc,Facebook Inc,6.834453
Verizon Communications Inc,2,Paypal Holdings,Alphabet Inc,6.832054
Verizon Communications Inc,3,Bmw Ag St,Bmw,6.830061
Verizon Communications Inc,3,Goog,Alphabet Inc,6.819080
Verizon Communications Inc,3,Morgan Stanley And Co Llc,Morgan Stanley International Holdings Inc,6.816884
Verizon Communications Inc,2,Fiat Chrysler Automobiles Nv,General Motors Limited,6.777909
Verizon Communications Inc,2,Netflix Inc,Atandt Inc,6.772987
Verizon Communications Inc,2,Budget Propane Corporation,Alphabet Inc,6.768065
Verizon Communications Inc,2,Citigroup Inc,Securities And Exchange Commission,6.721796
Verizon Communications Inc,2,Linkedin Corp,Wells Fargo And Company,6.704076
Verizon Communications Inc,2,Microsoft Corp,Microsoft,6.687966
Verizon Communications Inc,1,Verizon Communications Inc,Amex Global Holdings Cv,6.666667
Verizon Communications Inc,1,Verizon Communications Inc,Home Box Office Inc,6.666667
Verizon Communications Inc,3,Jp Morgan Chase And Co,Wells Fargo And Company,6.664617
Verizon Communications Inc,2,Boeing Company,Airbus Group Se,6.645009
Verizon Communications Inc,3,Apple Inc,Netflix Inc,6.617765
Verizon Communications Inc,2,London Stock Exchange Group Plc,Purecircle Ltd,6.615475
Verizon Communications Inc,2,The Walt Disney Co,Netflix Inc,6.609569
Verizon Communications Inc,2,Advanced Micro Devices Inc,Alphabet Inc,6.556409
Verizon Communications Inc,2,Lockheed Martin Systems,Boeing Company,6.536720
Verizon Communications Inc,3,United States Patent And Trademark Office,Department Of Commerce,6.535775
Verizon Communications Inc,2,Sony Corp,Alphabet Inc,6.526875
Verizon Communications Inc,2,Caa Srl,United States Environmental Protection Agency,6.519492
Verizon Communications Inc,1,Verizon Communications Inc,Ubs Group Ag,6.500000
Verizon Communications Inc,1,Verizon Communications Inc,Magellan Health Inc,6.500000
Verizon Communications Inc,1,Verizon Communications Inc,Park Intermediate Holdings Llc,6.500000
Verizon Communications Inc,1,Verizon Communications Inc,Mimecast Ltd,6.500000
Verizon Communications Inc,1,Verizon Communications Inc,Lg Electronics Inc,6.500000
Verizon Communications Inc,1,Verizon Communications Inc,Airbnb Inc,6.500000
Verizon Communications Inc,1,Verizon Communications Inc,Nestle Sa Cham Et Ve,6.500000
Verizon Communications Inc,1,Verizon Communications Inc,Park Hotels And Resorts Inc,6.500000
Verizon Communications Inc,1,Verizon Communications Inc,Apollo Global Management Llc,6.500000
Verizon Communications Inc,1,Verizon Communications Inc,Cigna Corp,6.500000
Verizon Communications Inc,1,Verizon Communications Inc,Rio Tinto Plc,6.500000
Verizon Communications Inc,2,Nbcuniversal Llc,Apple Inc,6.497342
Verizon Communications Inc,3,Apple Inc,Tesla Inc,6.496245
Verizon Communications Inc,2,Vmware Inc,Emc Corp,6.487498
Verizon Communications Inc,2,Johnson And Johnson Services Inc,Centers For Disease Control And Prevention,6.457964
Verizon Communications Inc,2,The Ohio State University,National Collegiate Athletic Association,6.453042
Verizon Communications Inc,3,Amf Spa,Intercontinental Exchange,6.447929
Verizon Communications Inc,2,Advanced Micro Devices Inc,Huawei Investment And Holding Co Ltd,6.423509
Verizon Communications Inc,2,Advanced Micro Devices Inc,Huawei Technologies Company Ltd,6.423509
Verizon Communications Inc,3,Positive Technologies Inc,Facebook Inc,6.412790
Verizon Communications Inc,3,European Union,Alphabet Inc,6.386437
Verizon Communications Inc,3,Alphabet Inc,Amazon Com Inc,6.359106
Verizon Communications Inc,2,Citigroup Inc,Wells Fargo And Company,6.349675
Verizon Communications Inc,3,White House,Boeing Company,6.342513
Verizon Communications Inc,3,Apple Inc,Taiwan Semiconductor Manufacturing,6.335486
Verizon Communications Inc,1,Verizon Communications Inc,Nvidia Corp,6.333333
Verizon Communications Inc,3,Zacks Investment Research,Jp Morgan Chase And Co,6.324944
Verizon Communications Inc,2,Intel Corp,Nvidia Corp,6.310297
Verizon Communications Inc,2,Design Works,Securities And Exchange Commission,6.290608
Verizon Communications Inc,2,Home Box Office Inc,Facebook Inc,6.280764
Verizon Communications Inc,3,Home Box Office Inc,Warner Media Llc,6.268722
Verizon Communications Inc,2,Apple Inc,The Walt Disney Co,6.268458
Verizon Communications Inc,2,Netflix Inc,Warner Media Llc,6.266982
Verizon Communications Inc,3,Ant Group Limited,Alibaba Group Holding Ltd,6.245882
Verizon Communications Inc,2,Vmware Inc,Dell Inc,6.231542
Verizon Communications Inc,2,Apple Inc,Atandt Inc,6.221697
Verizon Communications Inc,2,Boeing Company,Airbus,6.202008
Verizon Communications Inc,2,Getty Images Inc,Huawei Technologies Company Ltd,6.202008
Verizon Communications Inc,2,Getty Images Inc,Huawei Investment And Holding Co Ltd,6.202008
Verizon Communications Inc,2,Apple Inc,Advanced Micro Devices Inc,6.202008
Verizon Communications Inc,2,Intel Corp,Alphabet Inc,6.192164
Verizon Communications Inc,3,Zacks Investment Research,Blackrock Group Limited,6.184390
Verizon Communications Inc,2,The Walt Disney Co,Atandt Inc,6.162630
Verizon Communications Inc,3,Bank Of America Corp,Wells Fargo And Company,6.149251
Verizon Communications Inc,2,United Continental Holdings,Boeing Company,6.142942
Verizon Communications Inc,2,Kkr Group Ltd,Federal Aviation Administration,6.128175
Verizon Communications Inc,3,Facebook Inc,Paypal Holdings,6.125825
Verizon Communications Inc,2,Getty Images Inc,Paypal Holdings,6.098641
Verizon Communications Inc,2,Facebook Inc,Tesla Inc,6.093719
Verizon Communications Inc,3,Apple Inc,Intel Corp,6.084830
Verizon Communications Inc,2,House Srl,Amazon Com Inc,6.064186
Verizon Communications Inc,3,Smic,Apple Inc,6.052620
Verizon Communications Inc,2,Tesla Inc,Facebook Inc,6.044497
Verizon Communications Inc,3,Netflix Inc,The Walt Disney Co,6.035051
Verizon Communications Inc,3,Suntrust Banks Inc,Securities And Exchange Commission,6.026266
Verizon Communications Inc,2,Hsbc Holdings Plc,Huawei Technologies Company Ltd,6.024808
Verizon Communications Inc,2,Hsbc Holdings Plc,Huawei Investment And Holding Co Ltd,6.024808
Verizon Communications Inc,2,Centers For Disease Control And Prevention,Pfizer Luxco Holdings Sarl,6.024808
Verizon Communications Inc,2,Amazon Com Inc,National Aeronautics And Space Administration,6.017425